Category,Quantity,Total_Sales,Orders,Revenue_Percentage
Accessories,3,220,2,22.564102564102566
Clothing,16,375,5,38.46153846153847
Footwear,6,380,3,38.97435897435898
